<?xml version="1.0"?>
<!DOCTYPE module PUBLIC
          "-//Checkstyle//DTD Checkstyle Configuration 1.3//EN"
          "https://checkstyle.org/dtds/configuration_1_3.dtd">

<!--
  A hybrid of the Checkstyle sun_checks and google_checks, along with
  some of Sam's own additions.

-->

<module name="Checker">
  <!--
      If you set the basedir property below, then all reported file
      names will be relative to the specified directory. See
      https://checkstyle.org/config.html#Checker

      <property name="basedir" value="${basedir}"/>
  -->
  <property name="severity" value="error"/>

  <property name="fileExtensions" value="java, properties, xml"/>

  <!-- Excludes all 'module-info.java' files              -->
  <!-- See https://checkstyle.org/filefilters/index.html -->
  <module name="BeforeExecutionExclusionFileFilter">
    <property name="fileNamePattern" value="module\-info\.java$"/>
  </module>

  <!-- https://checkstyle.org/filters/suppressionfilter.html -->
  <module name="SuppressionFilter">
    <property name="file" value="${org.checkstyle.sun.suppressionfilter.config}"
              default="checkstyle-suppressions.xml" />
    <property name="optional" value="true"/>
  </module>

  <!-- Checks that a package-info.java file exists for each package.     -->
  <!-- See https://checkstyle.org/checks/javadoc/javadocpackage.html#JavadocPackage -->
  <!-- <module name="JavadocPackage"/> -->

  <!-- Checks whether files end with a new line.                        -->
  <!-- See https://checkstyle.org/checks/misc/newlineatendoffile.html -->
  <module name="NewlineAtEndOfFile"/>

  <!-- Checks that property files contain the same keys.         -->
  <!-- See https://checkstyle.org/checks/misc/translation.html -->
  <module name="Translation"/>

  <!-- Checks for Size Violations.                    -->
  <!-- See https://checkstyle.org/checks/sizes/index.html -->
  <module name="FileLength"/>
  <module name="LineLength">
    <property name="fileExtensions" value="java"/>
    <property name="max" value="100"/>
    <property name="ignorePattern"
             value="^package.*|^import.*|href\s*=\s*&quot;[^&quot;]*&quot;|http://|https://|ftp://"/>

  </module>

  <!-- Checks for whitespace                               -->
  <!-- See https://checkstyle.org/checks/whitespace/index.html -->
  <module name="FileTabCharacter"/>

  <!-- Miscellaneous other checks.                   -->
  <!-- See https://checkstyle.org/checks/misc/index.html -->
  <module name="RegexpSingleline">
    <property name="format" value="\s+$"/>
    <property name="minimum" value="0"/>
    <property name="maximum" value="0"/>
    <property name="message" value="Line has trailing spaces."/>
  </module>

  <!-- Checks for Headers                                -->
  <!-- See https://checkstyle.org/checks/header/index.html   -->
  <!-- <module name="Header"> -->
  <!--   <property name="headerFile" value="${checkstyle.header.file}"/> -->
  <!--   <property name="fileExtensions" value="java"/> -->
  <!-- </module> -->

  <module name="TreeWalker">

    <!-- Checks for Javadoc comments.                     -->
    <!-- See https://checkstyle.org/checks/javadoc/index.html -->
    <module name="InvalidJavadocPosition"/>
    <module name="JavadocMethod"/>
    <module name="JavadocType"/>
    <module name="JavadocVariable"/>
    <module name="JavadocStyle"/>
    <module name="MissingJavadocMethod"/>
    <module name="MissingJavadocType"/>

    <!-- Checks for Naming Conventions.                  -->
    <!-- See https://checkstyle.org/checks/naming/index.html -->
    <module name="ConstantName"/>
    <module name="LocalFinalVariableName"/>
    <module name="LocalVariableName"/>
    <module name="MemberName"/>
    <module name="MethodName"/>
    <module name="PackageName"/>
    <module name="ParameterName"/>
    <module name="StaticVariableName"/>
    <module name="TypeName"/>

    <!-- Checks for imports                              -->
    <!-- See https://checkstyle.org/checks/imports/index.html -->
    <module name="AvoidStarImport"/>
    <module name="IllegalImport"/> <!-- defaults to sun.* packages -->
    <module name="RedundantImport"/>
    <module name="UnusedImports">
      <property name="processJavadoc" value="false"/>
    </module>

    <!-- Checks for Size Violations.                    -->
    <!-- See https://checkstyle.org/checks/sizes/index.html -->
    <module name="MethodLength"/>
    <module name="ParameterNumber"/>

    <!-- Checks for whitespace                               -->
    <!-- See https://checkstyle.org/checks/whitespace/index.html -->
    <module name="EmptyForIteratorPad"/>
    <module name="GenericWhitespace"/>
    <module name="MethodParamPad"/>
    <module name="NoWhitespaceAfter"/>
    <module name="NoWhitespaceBefore"/>
    <module name="OperatorWrap"/>
    <module name="ParenPad"/>
    <module name="TypecastParenPad"/>
    <module name="WhitespaceAfter"/>
    <module name="WhitespaceAround"/>

    <!-- Modifier Checks                                    -->
    <!-- See https://checkstyle.org/checks/modifier/index.html -->
    <module name="ModifierOrder"/>
    <!-- <module name="RedundantModifier"/> -->

    <!-- Checks for blocks. You know, those {}'s         -->
    <!-- See https://checkstyle.org/checks/blocks/index.html -->
    <module name="AvoidNestedBlocks"/>
    <module name="EmptyBlock"/>
    <module name="LeftCurly"/>
    <module name="NeedBraces"/>
    <module name="RightCurly"/>

    <!-- Checks for common coding problems               -->
    <!-- See https://checkstyle.org/checks/coding/index.html -->
    <module name="EmptyStatement"/>
    <module name="EqualsHashCode"/>
    <module name="HiddenField"/>
    <module name="IllegalInstantiation"/>
    <module name="InnerAssignment"/>
    <!-- <module name="MagicNumber"/> -->
    <module name="MissingSwitchDefault"/>
    <module name="MultipleVariableDeclarations"/>
    <module name="SimplifyBooleanExpression"/>
    <module name="SimplifyBooleanReturn"/>

    <!-- Checks for class design                         -->
    <!-- See https://checkstyle.org/checks/design/index.html -->
    <module name="DesignForExtension"/>
    <!-- <module name="FinalClass"/> -->
    <!-- <module name="HideUtilityClassConstructor"/> -->
    <module name="InterfaceIsType"/>
    <module name="VisibilityModifier">
      <property name="packageAllowed" value="true"/>
    </module>

    <!-- Miscellaneous other checks.                   -->
    <!-- See https://checkstyle.org/checks/misc/index.html -->
    <module name="ArrayTypeStyle"/>
    <!-- <module name="FinalParameters"/> -->
    <module name="TodoComment"/>
    <module name="UpperEll"/>

    <!-- https://checkstyle.org/filters/suppressionxpathfilter.html -->
    <module name="SuppressionXpathFilter">
      <property name="file" value="${org.checkstyle.sun.suppressionxpathfilter.config}"
                default="checkstyle-xpath-suppressions.xml" />
      <property name="optional" value="true"/>
    </module>

    <module name="Indentation">
      <property name="basicOffset" value="2"/>
      <property name="braceAdjustment" value="2"/>
      <property name="caseIndent" value="2"/>
      <property name="throwsIndent" value="4"/>
      <property name="lineWrappingIndentation" value="4"/>
      <property name="arrayInitIndent" value="2"/>
    </module>

    <!-- Sam: Comment end braces. -->
    <module name="Regexp">
      <property name="format" value="}\s*$"/>
      <property name="illegalPattern" value="true"/>
      <property name="message" value="end brace without comment"/>
      <property name="ignoreComments" value="true"/>
    </module>

    <!-- Sam: No System.out.println -->
    <module name="Regexp">
      <property name="format" value="System\.out\.println"/>
      <property name="illegalPattern" value="true"/>
      <property name="ignoreComments" value="true"/>
      <property name="message" value="System.out.println"/>
    </module>

    <!-- Sam: No STUB comments -->
    <module name="Regexp">
      <property name="format" value="// STUB"/>
      <property name="illegalPattern" value="true"/>
      <property name="message" value="STUB still in code"/>
    </module>

  </module>

</module>
